<annotation>
	<folder>yabani ot</folder>
	<filename>yabani ot.7d88c275-b43c-11ed-97f1-185680c40a49.jpg</filename>
	<path>C:\Tensorflow Object Detection\TFODCourse\Tensorflow\workspace\images\collectedimages\yabani ot\yabani ot.7d88c275-b43c-11ed-97f1-185680c40a49.jpg</path>
	<source>
		<database>Unknown</database>
	</source>
	<size>
		<width>640</width>
		<height>480</height>
		<depth>3</depth>
	</size>
	<segmented>0</segmented>
	<object>
		<name>yabani ot</name>
		<pose>Unspecified</pose>
		<truncated>0</truncated>
		<difficult>0</difficult>
		<bndbox>
			<xmin>191</xmin>
			<ymin>261</ymin>
			<xmax>289</xmax>
			<ymax>473</ymax>
		</bndbox>
	</object>
</annotation>
