<annotation>
	<folder>yabani ot</folder>
	<filename>yabani ot.45158917-b43c-11ed-9d80-185680c40a49.jpg</filename>
	<path>C:\Tensorflow Object Detection\TFODCourse\Tensorflow\workspace\images\collectedimages\yabani ot\yabani ot.45158917-b43c-11ed-9d80-185680c40a49.jpg</path>
	<source>
		<database>Unknown</database>
	</source>
	<size>
		<width>640</width>
		<height>480</height>
		<depth>3</depth>
	</size>
	<segmented>0</segmented>
	<object>
		<name>yabani ot</name>
		<pose>Unspecified</pose>
		<truncated>1</truncated>
		<difficult>0</difficult>
		<bndbox>
			<xmin>172</xmin>
			<ymin>264</ymin>
			<xmax>272</xmax>
			<ymax>480</ymax>
		</bndbox>
	</object>
	<object>
		<name>yabani ot</name>
		<pose>Unspecified</pose>
		<truncated>1</truncated>
		<difficult>0</difficult>
		<bndbox>
			<xmin>386</xmin>
			<ymin>244</ymin>
			<xmax>523</xmax>
			<ymax>480</ymax>
		</bndbox>
	</object>
</annotation>
