<annotation>
	<folder>yabani ot</folder>
	<filename>yabani ot.825f06c1-b43c-11ed-844b-185680c40a49.jpg</filename>
	<path>C:\Tensorflow Object Detection\TFODCourse\Tensorflow\workspace\images\collectedimages\yabani ot\yabani ot.825f06c1-b43c-11ed-844b-185680c40a49.jpg</path>
	<source>
		<database>Unknown</database>
	</source>
	<size>
		<width>640</width>
		<height>480</height>
		<depth>3</depth>
	</size>
	<segmented>0</segmented>
	<object>
		<name>yabani ot</name>
		<pose>Unspecified</pose>
		<truncated>0</truncated>
		<difficult>0</difficult>
		<bndbox>
			<xmin>175</xmin>
			<ymin>267</ymin>
			<xmax>278</xmax>
			<ymax>470</ymax>
		</bndbox>
	</object>
	<object>
		<name>yabani ot</name>
		<pose>Unspecified</pose>
		<truncated>0</truncated>
		<difficult>0</difficult>
		<bndbox>
			<xmin>355</xmin>
			<ymin>269</ymin>
			<xmax>479</xmax>
			<ymax>476</ymax>
		</bndbox>
	</object>
</annotation>
