<annotation>
	<folder>yabani ot</folder>
	<filename>yabani ot.46486e16-b43c-11ed-b32a-185680c40a49.jpg</filename>
	<path>C:\Tensorflow Object Detection\TFODCourse\Tensorflow\workspace\images\collectedimages\yabani ot\yabani ot.46486e16-b43c-11ed-b32a-185680c40a49.jpg</path>
	<source>
		<database>Unknown</database>
	</source>
	<size>
		<width>640</width>
		<height>480</height>
		<depth>3</depth>
	</size>
	<segmented>0</segmented>
	<object>
		<name>yabani ot</name>
		<pose>Unspecified</pose>
		<truncated>1</truncated>
		<difficult>0</difficult>
		<bndbox>
			<xmin>203</xmin>
			<ymin>266</ymin>
			<xmax>301</xmax>
			<ymax>480</ymax>
		</bndbox>
	</object>
	<object>
		<name>yabani ot</name>
		<pose>Unspecified</pose>
		<truncated>1</truncated>
		<difficult>0</difficult>
		<bndbox>
			<xmin>381</xmin>
			<ymin>246</ymin>
			<xmax>521</xmax>
			<ymax>480</ymax>
		</bndbox>
	</object>
</annotation>
