<annotation>
	<folder>yabani ot</folder>
	<filename>yabani ot.7214c717-b432-11ed-b1a8-185680c40a49.jpg</filename>
	<path>C:\Tensorflow Object Detection\TFODCourse\Tensorflow\workspace\images\collectedimages\yabani ot\yabani ot.7214c717-b432-11ed-b1a8-185680c40a49.jpg</path>
	<source>
		<database>Unknown</database>
	</source>
	<size>
		<width>640</width>
		<height>480</height>
		<depth>3</depth>
	</size>
	<segmented>0</segmented>
	<object>
		<name>yabani ot</name>
		<pose>Unspecified</pose>
		<truncated>0</truncated>
		<difficult>0</difficult>
		<bndbox>
			<xmin>186</xmin>
			<ymin>227</ymin>
			<xmax>277</xmax>
			<ymax>420</ymax>
		</bndbox>
	</object>
	<object>
		<name>yabani ot</name>
		<pose>Unspecified</pose>
		<truncated>0</truncated>
		<difficult>0</difficult>
		<bndbox>
			<xmin>301</xmin>
			<ymin>238</ymin>
			<xmax>418</xmax>
			<ymax>466</ymax>
		</bndbox>
	</object>
</annotation>
