<annotation>
	<folder>yabani ot</folder>
	<filename>yabani ot.89c7b94f-b41d-11ed-98e2-185680c40a49.jpg</filename>
	<path>C:\Tensorflow Object Detection\TFODCourse\Tensorflow\workspace\images\collectedimages\yabani ot\yabani ot.89c7b94f-b41d-11ed-98e2-185680c40a49.jpg</path>
	<source>
		<database>Unknown</database>
	</source>
	<size>
		<width>640</width>
		<height>480</height>
		<depth>3</depth>
	</size>
	<segmented>0</segmented>
	<object>
		<name>yabani ot</name>
		<pose>Unspecified</pose>
		<truncated>0</truncated>
		<difficult>0</difficult>
		<bndbox>
			<xmin>170</xmin>
			<ymin>200</ymin>
			<xmax>265</xmax>
			<ymax>389</ymax>
		</bndbox>
	</object>
	<object>
		<name>yabani ot</name>
		<pose>Unspecified</pose>
		<truncated>0</truncated>
		<difficult>0</difficult>
		<bndbox>
			<xmin>410</xmin>
			<ymin>243</ymin>
			<xmax>524</xmax>
			<ymax>450</ymax>
		</bndbox>
	</object>
</annotation>
